controller,avg_wait_seconds,throughput,final_queue,max_queue,avg_queue,pedestrian_avg_wait_seconds,pedestrian_final_queue,improvement_vs_fixed_equal_pct
fixed_equal,533.1652894373452,40749,4874,7351,3378.4166666666665,726.3001649257834,1351,0.0
fixed_calibrated,481.9437564386384,42088,3535,7100,3053.85,726.3001649257834,1351,9.607064453269537
adaptive,471.67656664401727,42169,3454,6993,2988.7916666666665,726.3001649257834,1351,11.532769295281325
