scenario,fixed_equal_avg_wait_seconds,ga_avg_wait_seconds,improvement_pct,passes_20_pct_target,fixed_equal_throughput,ga_throughput,fixed_equal_final_queue,ga_final_queue,ga_best_fitness
pedestrian,0.946224090447891,0.06435715321061024,93.19852941176471,True,34495,34495,0,0,0.8151619765420741
normal,0.7340664402095688,0.08463354251827969,88.47058823529412,True,34738,34738,0,0,0.4961662058348626
accident,1.5804018653923657,0.3195348033853417,79.78142076502733,True,34738,34738,0,0,0.8310674667019247
rain,173.82616042142928,43.737203061325914,74.8385381375921,True,39241,40243,1003,1,51.1908599926299
combined,533.1652894373452,443.791947044254,16.762783355121975,False,40749,42555,4874,3068,572.9382472091797
